{"id":38500,"name":"\u6cd5\u6597 \u6655","sw":375,"sh":205,"res":[{"type":"head","tier":2,"scale":3,"offset":[0.03,-0.1],"action":"","layerCompositeMode":1,"layerOpaqueness":100,"gif":true,"i":["4416615482514268183598429b62011e.json"],"d":["y726head.png"]},{"type":"nose","tier":0,"scale":0.68,"offset":[0.02,-0.5],"action":"","layerCompositeMode":1,"layerOpaqueness":100,"gif":true,"i":["524391548251422298059804c098a36f.json"],"d":["y726nose.png"]},{"type":"eye","tier":1,"scale":2.7,"offset":[0.17,0.32],"action":"","layerCompositeMode":1,"layerOpaqueness":100,"gif":true,"i":["311211548251424636859804c0ea13d6.json"],"d":["y726eye.png"]},{"type":"shoulder","tier":3,"scale":0.28,"offset":[0,-0.4],"action":"","layerCompositeMode":1,"layerOpaqueness":0,"gif":true,"i":["496451548251427496959804c1ac4669.json"],"d":["y726shoulder.png"]},{"type":"foreground","tier":4,"scale":1,"offset":[0,1.5],"action":"","layerCompositeMode":1,"layerOpaqueness":100,"gif":true,"gif_offset":[0,3],"s34":true,"s34_offset":[0,0],"i":["6962215482514290571598145524fbdc.json"],"d":["y726foreground.png"]},{"type":"frame","tier":5,"scale":1,"offset":[0,0],"action":"","layerCompositeMode":1,"layerOpaqueness":100,"gif":true,"gif_offset":[0],"s34":true,"s34_offset":[0,0],"i":["695461548251421008059814558d7b61.json"],"d":["y726frame.png"]}],"music":[{"type":"bgm","d":"733711548251426057659816a03dee3b.mp3"}]}